display_name,email
Rehearsal Player 01,rehearsal01@example.test
Rehearsal Player 02,rehearsal02@example.test
Rehearsal Player 03,rehearsal03@example.test
Rehearsal Player 04,rehearsal04@example.test
Rehearsal Player 05,rehearsal05@example.test
Rehearsal Player 06,rehearsal06@example.test
Rehearsal Player 07,rehearsal07@example.test
Rehearsal Player 08,rehearsal08@example.test
Rehearsal Player 09,rehearsal09@example.test
Rehearsal Player 10,rehearsal10@example.test
Rehearsal Player 11,rehearsal11@example.test
Rehearsal Player 12,rehearsal12@example.test
Rehearsal Player 13,rehearsal13@example.test
Rehearsal Player 14,rehearsal14@example.test
Rehearsal Player 15,rehearsal15@example.test
Rehearsal Player 16,rehearsal16@example.test
Rehearsal Player 17,rehearsal17@example.test
Rehearsal Player 18,rehearsal18@example.test
Rehearsal Player 19,rehearsal19@example.test
Rehearsal Player 20,rehearsal20@example.test
